{
  "accuracy": 0.916030534351145,
  "precision": 0.924812030075188,
  "recall": 0.9111111111111111,
  "f1_score": 0.917910447761194,
  "confusion_matrix": [
    [
      117,
      10
    ],
    [
      12,
      123
    ]
  ],
  "roc_auc": 0.9725867599883349,
  "roc_curve": {
    "fpr": [
      0.0,
      0.0,
      0.0,
      0.0,
      0.0,
      0.0,
      0.0,
      0.0,
      0.0,
      0.0,
      0.0,
      0.0,
      0.0,
      0.0,
      0.0,
      0.0,
      0.0,
      0.0,
      0.0,
      0.0,
      0.0,
      0.0,
      0.0,
      0.0,
      0.0,
      0.0,
      0.0,
      0.0,
      0.0,
      0.0,
      0.007874015748031496,
      0.007874015748031496,
      0.007874015748031496,
      0.007874015748031496,
      0.023622047244094488,
      0.023622047244094488,
      0.023622047244094488,
      0.03937007874015748,
      0.03937007874015748,
      0.047244094488188976,
      0.047244094488188976,
      0.11023622047244094,
      0.11023622047244094,
      0.13385826771653545,
      0.13385826771653545,
      0.14173228346456693,
      0.14173228346456693,
      0.1889763779527559,
      0.1889763779527559,
      0.2047244094488189,
      0.2047244094488189,
      0.25984251968503935,
      0.25984251968503935,
      0.2677165354330709,
      0.2677165354330709,
      0.28346456692913385,
      0.28346456692913385,
      0.2992125984251969,
      0.36220472440944884,
      0.3779527559055118,
      0.3937007874015748,
      0.4094488188976378,
      0.4409448818897638,
      0.4409448818897638,
      0.5984251968503937,
      0.5984251968503937,
      0.6062992125984252,
      0.6220472440944882,
      0.6377952755905512,
      0.6692913385826772,
      0.937007874015748,
      0.952755905511811,
      0.984251968503937,
      1.0
    ],
    "tpr": [
      0.0,
      0.007407407407407408,
      0.08148148148148149,
      0.1111111111111111,
      0.15555555555555556,
      0.17037037037037037,
      0.17777777777777778,
      0.1925925925925926,
      0.23703703703703705,
      0.2518518518518518,
      0.28888888888888886,
      0.3037037037037037,
      0.362962962962963,
      0.37777777777777777,
      0.4074074074074074,
      0.4222222222222222,
      0.45925925925925926,
      0.4888888888888889,
      0.5185185185185185,
      0.5481481481481482,
      0.5555555555555556,
      0.5703703703703704,
      0.6370370370370371,
      0.6518518518518519,
      0.6666666666666666,
      0.6814814814814815,
      0.6888888888888889,
      0.7037037037037037,
      0.7333333333333333,
      0.7481481481481481,
      0.7481481481481481,
      0.8222222222222222,
      0.837037037037037,
      0.8444444444444444,
      0.8444444444444444,
      0.8740740740740741,
      0.8888888888888888,
      0.8888888888888888,
      0.9037037037037037,
      0.9037037037037037,
      0.9111111111111111,
      0.9111111111111111,
      0.9185185185185185,
      0.9185185185185185,
      0.9259259259259259,
      0.9259259259259259,
      0.9333333333333333,
      0.9333333333333333,
      0.9407407407407408,
      0.9407407407407408,
      0.9481481481481482,
      0.9481481481481482,
      0.9629629629629629,
      0.9629629629629629,
      0.9703703703703703,
      0.9703703703703703,
      0.9777777777777777,
      0.9777777777777777,
      0.9777777777777777,
      0.9777777777777777,
      0.9777777777777777,
      0.9777777777777777,
      0.9777777777777777,
      0.9925925925925926,
      0.9925925925925926,
      1.0,
      1.0,
      1.0,
      1.0,
      1.0,
      1.0,
      1.0,
      1.0,
      1.0
    ],
    "thresholds": [
      Infinity,
      0.9999997615814209,
      0.9999958276748657,
      0.9999953508377075,
      0.9999903440475464,
      0.9999876022338867,
      0.9999867677688599,
      0.9999852180480957,
      0.9999779462814331,
      0.9999772310256958,
      0.9999734163284302,
      0.9999732971191406,
      0.9999284744262695,
      0.999907374382019,
      0.999882698059082,
      0.9998558759689331,
      0.9998090863227844,
      0.9997590184211731,
      0.9996154308319092,
      0.9995986819267273,
      0.9995782971382141,
      0.9994989633560181,
      0.999098539352417,
      0.9990757703781128,
      0.998883068561554,
      0.9988431930541992,
      0.9986581802368164,
      0.9984279870986938,
      0.9980873465538025,
      0.9973113536834717,
      0.9962373971939087,
      0.9918544292449951,
      0.9905439615249634,
      0.9895781874656677,
      0.9834160804748535,
      0.970162034034729,
      0.9688047170639038,
      0.9685274362564087,
      0.9541937112808228,
      0.9434618353843689,
      0.8263652324676514,
      0.31266123056411743,
      0.28674086928367615,
      0.1929348111152649,
      0.18541282415390015,
      0.17072030901908875,
      0.14070001244544983,
      0.07837630808353424,
      0.06078494340181351,
      0.0516875684261322,
      0.0295833982527256,
      0.013185914605855942,
      0.01118152029812336,
      0.010134936310350895,
      0.010087462142109871,
      0.007765758782625198,
      0.006372855044901371,
      0.006203620228916407,
      0.0023326578084379435,
      0.0020968543831259012,
      0.0018619806505739689,
      0.00173495605122298,
      0.0013392230030149221,
      0.0012969663366675377,
      0.00017132257926277816,
      0.00015832144708838314,
      0.0001392032136209309,
      0.00013374787522479892,
      0.00012211938155815005,
      0.0001088102362700738,
      8.987035471363924e-07,
      6.702117048007494e-07,
      1.4221193112007313e-07,
      1.093439738752977e-08
    ]
  },
  "per_class": {
    "true_negatives": 117,
    "false_positives": 10,
    "false_negatives": 12,
    "true_positives": 123,
    "specificity": 0.9212598425196851,
    "sensitivity": 0.9111111111111111
  },
  "inference_time": {
    "mean": 0.09437141953795045,
    "std": 0.025872390261582744,
    "min": 0.021564324696858723,
    "max": 0.10969794541597366
  },
  "classification_report": {
    "Non-Flooded": {
      "precision": 0.9069767441860465,
      "recall": 0.9212598425196851,
      "f1-score": 0.9140625,
      "support": 127.0
    },
    "Flooded": {
      "precision": 0.924812030075188,
      "recall": 0.9111111111111111,
      "f1-score": 0.917910447761194,
      "support": 135.0
    },
    "accuracy": 0.916030534351145,
    "macro avg": {
      "precision": 0.9158943871306172,
      "recall": 0.9161854768153981,
      "f1-score": 0.915986473880597,
      "support": 262.0
    },
    "weighted avg": {
      "precision": 0.9161666815716728,
      "recall": 0.916030534351145,
      "f1-score": 0.916045221174661,
      "support": 262.0
    }
  }
}