{
  "accuracy": 0.7900763358778626,
  "precision": 0.7439024390243902,
  "recall": 0.9037037037037037,
  "f1_score": 0.8160535117056856,
  "confusion_matrix": [
    [
      85,
      42
    ],
    [
      13,
      122
    ]
  ],
  "roc_auc": 0.8801983085447652,
  "roc_curve": {
    "fpr": [
      0.0,
      0.0,
      0.0,
      0.0,
      0.0,
      0.0,
      0.0,
      0.0,
      0.0,
      0.0,
      0.015748031496062992,
      0.023622047244094488,
      0.023622047244094488,
      0.023622047244094488,
      0.031496062992125984,
      0.031496062992125984,
      0.031496062992125984,
      0.031496062992125984,
      0.031496062992125984,
      0.031496062992125984,
      0.03937007874015748,
      0.03937007874015748,
      0.03937007874015748,
      0.047244094488188976,
      0.047244094488188976,
      0.047244094488188976,
      0.047244094488188976,
      0.047244094488188976,
      0.047244094488188976,
      0.047244094488188976,
      0.047244094488188976,
      0.047244094488188976,
      0.047244094488188976,
      0.047244094488188976,
      0.06299212598425197,
      0.06299212598425197,
      0.07086614173228346,
      0.07086614173228346,
      0.07874015748031496,
      0.07874015748031496,
      0.08661417322834646,
      0.08661417322834646,
      0.10236220472440945,
      0.10236220472440945,
      0.11811023622047244,
      0.11811023622047244,
      0.12598425196850394,
      0.12598425196850394,
      0.13385826771653545,
      0.13385826771653545,
      0.1968503937007874,
      0.1968503937007874,
      0.2125984251968504,
      0.2125984251968504,
      0.2440944881889764,
      0.2440944881889764,
      0.25984251968503935,
      0.25984251968503935,
      0.2755905511811024,
      0.29133858267716534,
      0.29133858267716534,
      0.2992125984251969,
      0.2992125984251969,
      0.30708661417322836,
      0.30708661417322836,
      0.30708661417322836,
      0.31496062992125984,
      0.31496062992125984,
      0.33070866141732286,
      0.33070866141732286,
      0.33858267716535434,
      0.3543307086614173,
      0.3937007874015748,
      0.3937007874015748,
      0.41732283464566927,
      0.41732283464566927,
      0.4330708661417323,
      0.4330708661417323,
      0.4409448818897638,
      0.4409448818897638,
      0.4645669291338583,
      0.48031496062992124,
      0.5511811023622047,
      0.5511811023622047,
      0.5590551181102362,
      0.5748031496062992,
      0.6535433070866141,
      0.6692913385826772,
      0.6692913385826772,
      0.7559055118110236,
      0.7716535433070866,
      0.7874015748031497,
      0.7874015748031497,
      0.8503937007874016,
      0.8503937007874016,
      0.8582677165354331,
      0.8740157480314961,
      0.9448818897637795,
      0.9606299212598425,
      0.984251968503937,
      0.984251968503937,
      1.0
    ],
    "tpr": [
      0.0,
      0.007407407407407408,
      0.05185185185185185,
      0.06666666666666667,
      0.13333333333333333,
      0.14814814814814814,
      0.15555555555555556,
      0.17037037037037037,
      0.21481481481481482,
      0.22962962962962963,
      0.22962962962962963,
      0.22962962962962963,
      0.26666666666666666,
      0.2814814814814815,
      0.2814814814814815,
      0.3333333333333333,
      0.34814814814814815,
      0.35555555555555557,
      0.37037037037037035,
      0.3851851851851852,
      0.3851851851851852,
      0.4,
      0.43703703703703706,
      0.43703703703703706,
      0.45185185185185184,
      0.4740740740740741,
      0.5037037037037037,
      0.5481481481481482,
      0.562962962962963,
      0.5777777777777777,
      0.6074074074074074,
      0.6148148148148148,
      0.6296296296296297,
      0.674074074074074,
      0.674074074074074,
      0.6888888888888889,
      0.6888888888888889,
      0.6962962962962963,
      0.6962962962962963,
      0.7111111111111111,
      0.7111111111111111,
      0.7185185185185186,
      0.7185185185185186,
      0.725925925925926,
      0.725925925925926,
      0.7407407407407407,
      0.7407407407407407,
      0.7555555555555555,
      0.7555555555555555,
      0.7703703703703704,
      0.7703703703703704,
      0.7925925925925926,
      0.7925925925925926,
      0.8074074074074075,
      0.8074074074074075,
      0.8148148148148148,
      0.8148148148148148,
      0.8296296296296296,
      0.8296296296296296,
      0.8296296296296296,
      0.837037037037037,
      0.837037037037037,
      0.8518518518518519,
      0.8518518518518519,
      0.8814814814814815,
      0.8962962962962963,
      0.8962962962962963,
      0.9037037037037037,
      0.9037037037037037,
      0.9111111111111111,
      0.9111111111111111,
      0.9111111111111111,
      0.9111111111111111,
      0.9259259259259259,
      0.9259259259259259,
      0.9333333333333333,
      0.9333333333333333,
      0.9407407407407408,
      0.9407407407407408,
      0.9481481481481482,
      0.9481481481481482,
      0.9481481481481482,
      0.9481481481481482,
      0.9629629629629629,
      0.9629629629629629,
      0.9629629629629629,
      0.9629629629629629,
      0.9629629629629629,
      0.9703703703703703,
      0.9703703703703703,
      0.9703703703703703,
      0.9703703703703703,
      0.9777777777777777,
      0.9777777777777777,
      0.9925925925925926,
      0.9925925925925926,
      0.9925925925925926,
      0.9925925925925926,
      0.9925925925925926,
      0.9925925925925926,
      1.0,
      1.0
    ],